,Fast Gillespie,Gillespie Direct,Rejection,Sorting Direct,
Time 0,536510,597951,2.75801e+06,514550,
Time 1,560497,590843,2.40889e+06,558781,
Time 2,572375,613893,2.4898e+06,623012,
Time 3,555287,575886,2.26308e+06,639205,
Time 4,603963,567591,2.58601e+06,634281,
Time 5,594447,615749,2.06629e+06,623028,
Time 6,589767,617906,2.3455e+06,640869,
Time 7,603195,635730,3.22768e+06,639480,
Time 8,576807,628802,2.4784e+06,626406,
Time 9,589730,607115,2.88009e+06,638127,
