,Fast Gillespie,Gillespie Direct,Rejection,Sorting Direct,
Time 0,437256,615359,3.14938e+06,0,
Time 1,415055,611504,2.40445e+06,0,
Time 2,561980,636790,2.79154e+06,0,
Time 3,599678,581563,2.49253e+06,0,
Time 4,597669,607411,2.14246e+06,0,
Time 5,602044,622441,2.32833e+06,0,
Time 6,596305,604359,2.47334e+06,0,
Time 7,582218,629463,2.93947e+06,0,
Time 8,604065,605176,2.22908e+06,0,
Time 9,600440,600496,3.50122e+06,0,
