,Fast Gillespie,Gillespie Direct,Rejection,Sorting Direct,
Time 0,1.45483e+06,3.35107e+06,586281,0,
Time 1,4.5819e+06,5.90446e+06,886151,0,
Time 2,4.7611e+06,6.75893e+06,855537,0,
Time 3,5.31814e+06,6.78867e+06,644387,0,
Time 4,2.93669e+06,6.56383e+06,654726,0,
Time 5,5.89797e+06,6.79282e+06,1.02502e+06,0,
Time 6,5.76467e+06,6.71704e+06,764749,0,
Time 7,6.12495e+06,7.22208e+06,705323,0,
Time 8,6.10501e+06,7.02143e+06,897036,0,
Time 9,5.73614e+06,7.0922e+06,822504,0,
