,Fast Gillespie,Gillespie Direct,Rejection,Sorting Direct,
Time 0,2.20567e+06,5.216e+06,651655,0,
Time 1,2.26152e+06,6.61292e+06,632860,0,
Time 2,3.70341e+06,7.04728e+06,603333,0,
Time 3,3.70543e+06,7.31792e+06,656668,0,
Time 4,3.77131e+06,7.17843e+06,624508,0,
Time 5,3.73181e+06,7.19643e+06,617646,0,
Time 6,3.74735e+06,6.99715e+06,553028,0,
Time 7,3.73071e+06,7.17157e+06,559338,0,
Time 8,3.75282e+06,7.21888e+06,608129,0,
Time 9,3.64298e+06,6.73193e+06,582220,0,
