,Fast Gillespie,Gillespie Direct,Rejection,Sorting Direct,
Time 0,2.14239e+06,4.03013e+06,1.66806e+06,0,
Time 1,2.1173e+06,4.75167e+06,1.21587e+06,0,
Time 2,2.11154e+06,4.69596e+06,1.80531e+06,0,
Time 3,2.12115e+06,4.63459e+06,1.20687e+06,0,
Time 4,2.11995e+06,4.63527e+06,767988,0,
Time 5,2.44009e+06,4.64494e+06,704378,0,
Time 6,3.96877e+06,4.65053e+06,912285,0,
Time 7,4.39711e+06,4.62954e+06,811241,0,
Time 8,4.34056e+06,4.63764e+06,618196,0,
Time 9,4.03981e+06,4.65975e+06,541601,0,
